3,Nguyen Hoai Bao,bao@gmail.com,1999-12-01,bao,pic.png
4,Tran Huong Sac,sac@gmail.com,2000-11-15,sac,pic.png
5,Mai Thi Ngoc Mai,mai@gmail.com,1990-02-17,mai,pic.png
6,Nguyen Huong Giang,giang@gmail.com,1999-12-15,giang,pic.png
7,Tran Tu My,my@gmail.com,1999-11-02,my,pic.png
8,To Hoai Diem,diem@gmail.com,1995-05-03,diem,pic.png
9,Dang Duc Anh,anh@gmail.com,1991-09-20,anh,pic.png
10,Tang Thanh Ha,ha@gmail.com,1985-08-07,ha,pic.png
11,To Diem Ngoc,ngoc@gmail.com,1999-12-21,ngoc,pic.png
12,Pham An Hy,hy@gmail.com,1994-01-01,hy,pic.png
